,test_score,train_score
0,0.6923076923076923,0.7959183673469388
1,0.6923076923076923,0.75
2,0.6153846153846154,0.7083333333333334
3,0.8333333333333334,0.6875
4,0.5833333333333334,0.6458333333333334
5,0.9166666666666666,0.8125
6,0.6666666666666666,0.75
7,0.9090909090909091,0.723404255319149
8,0.8181818181818182,0.6808510638297872
9,0.8181818181818182,0.723404255319149
