,Best_max_depth,Best_CV_Score,Training_Error,Validation_Error
0,3,0.6363636363636365,0.2772727272727272,0.3571428571428571
