,test_score,train_score
0,0.8333333333333334,0.5217391304347826
1,0.6666666666666666,0.6363636363636364
2,0.6666666666666666,0.5454545454545454
3,0.6666666666666666,0.5454545454545454
4,0.5,0.5454545454545454
5,0.8333333333333334,0.8181818181818182
6,0.3333333333333333,0.6363636363636364
7,0.6,0.5
8,0.8,0.6363636363636364
9,0.5,0.5238095238095238
